transcription,label,pysentimiento,daveni,monologg
"El precio de la luz baja, entre otras cosas, porque baja el precio del gas. Está en su nivel más bajo desde verano porque baja también la demanda por las altas temperaturas y porque las reservas de gas",neutral,neutral,neutral,neutral
"Del 25% en el conjunto de la nación, del 40% en el sur, de eso vivía el socialismo, de decir que no éramos un país laborioso, que tenían que venir ellos a rescatar a la gente en sus trabajos.",disgust,neutral,neutral,neutral
"Pues si, tenían grandes altavoces, la música estaba muy alta, al principio pensaban que eran petardos pero no tardaron en darse cuenta.",neutral,neutral,neutral,joy
Tengo aquí en mis manos un auto de ejecución de una sentencia al que piden al Ayuntamiento de Torremolinos 880.000 euros.,disgust,neutral,neutral,neutral
"que en el Partido Popular no solo no se toleran irregularidades,",disgust,neutral,neutral,neutral
Es el caso de muchos jóvenes en España. Tienen sueldos bajos y dedican un gran porcentaje de esos salarios a pagar el alquiler.,neutral,neutral,neutral,neutral
"De Gobierno, la autonomía de Cantabria se ha convertido en la sumisión de Cantabria.",disgust,neutral,neutral,neutral
Este paro del transporte por carretera está teniendo graves consecuencias en distintos sectores llevándoles a muchos de ellos al límite. Lucía Rodríguez,neutral,neutral,neutral,neutral
"Lo está diciendo, lo ha dicho el señor Egea. El señor Egea ha dicho que el Partido Popular de Madrid tiene bastante que callar en cuanto a corrupción en esta región.",anger,neutral,neutral,neutral
¿Por qué no se ha sustituido esa tarjeta de residencia y permiso de residencia efectivo en Melilla por el pasaporte?,disgust,neutral,neutral,surprise
de la ciudad de México.,neutral,neutral,neutral,neutral
"como en muchas otras cuestiones. ¿Por qué este Gobierno, al que además se le llena la boca de tanto federalismo y de las singularidades de cada comunidad, no las tiene en cuenta a la hora de realizar sus planes de ayuda?",disgust,anger,neutral,neutral
"Si me conviene comprar uno de ellos, Adolfo Izquierdo.",neutral,neutral,neutral,neutral
"Fue rechazada dicha petición y además, de forma incomprensible, hemos visto como hoy, en el Día Institucional de Castilla la Mancha,",sadness,sadness,neutral,surprise
Bombas también en los 16 de la Europa League con un Barça Manchester United y un Sevilla PSV. Los azulgranas enfrentarán al United de Cristiano y Casemiro con la ida en el Camp Nou.,neutral,neutral,neutral,neutral
Nueve años de cárcel en Rusia para la baloncestista estadounidense Griner. Un tribunal ruso confirma la condena a nueve años de prisión impuesta a la estrella del baloncesto estadounidense Brin de Griner por contrabando de drogas.,neutral,neutral,neutral,neutral
"que va hasta el 2016. Estamos en el 2019, señor consejero. Esto es una vergüenza de información, la que hay en la Consejería de Medio Ambiente de la Comunidad de Madrid.",anger,anger,anger,sadness
"que salimos de su Gobierno es eso, es señalar periodistas, es presionar a jueces y es bloquear el Parlamento. Pero usted sigue su helicóptero de campaña diciendo, además, que la pandemia acelera proyectos transformadores.",disgust,anger,neutral,neutral
industrial de Isniace y que tracen una hoja de ruta para no ser una vez más,disgust,neutral,neutral,neutral
"Bueno, muchas gracias. No se podía tener mejor maestra de ceremonias, Anabel. Es un placer.",joy,joy,joy,joy
"Bueno, también a mis compañeros que desde Independiente hasta hace poco...",sadness,neutral,neutral,neutral
Queridas familias hoy os vamos a proponer dos recetas menú completo por un lado esto que tenéis aquí que son hamburguesas rellenas de jamón y queso y encima la hemos rebozado la hemos pasado por una masa de rebozar,joy,neutral,neutral,neutral
"asegurados los apoyos. Hoy los comunes han anunciado que rompen las negociaciones con Esquerra por el nuevo acercamiento de Esquerra a Junts, Sandra izquierdo.",neutral,neutral,neutral,neutral
"Y durante ese desalojo, una persona ha sido detenida.",neutral,neutral,sadness,neutral
Ana Obregón está viviendo uno de los momentos más dolorosos de su vida.,neutral,sadness,sadness,sadness
"En España hay 34 vuelos afectados. Muchos de los pasajeros ya han sido reubicados o han llegado a su destino. Después de la prohibición de la Agencia Europea de Seguridad, varios de esos aviones Boeing 737 MAX 8 van a permanecer estacionados en aeropuertos españoles Pad Bailón.",neutral,neutral,neutral,neutral
"A 10 días de Nochebuena, el plazo óptimo para preparar dichos encuentros reduciendo los contactos sociales, el Gobierno de la señora Ayuso se encuentra a tiempo de poner en marcha un paquete de medidas que las faciliten.",anger,neutral,neutral,neutral
"tienen que responder. Llevamos tres sin responder. ¿Dónde está el informe de los fondos europeos del Consejo de Estado? ¡Repuestas, señores! Señor Iglesias, usted señala medios y periodistas como vendidos al poder, pero el único vendido al poder es usted.",anger,anger,anger,neutral
"Este desorden que estamos viviendo de declaraciones en los últimos días, esta falta de liderazgo",anger,anger,sadness,sadness
"Acertamos cuando estamos unidos. Unidos las instituciones, todos los grupos parlamentarios y el conjunto de la ciudadanía española hemos vencido al virus. El Gobierno en la cuestión de la emergencia sanitaria lo que ha hecho ha sido valerse",joy,joy,neutral,joy
"nos puede gustar más o menos, pero ha sido alcalde de este municipio. Es decir, entre ellos mismos se están peleando por los aparcamientos, se han peleado por los sueldos de una forma totalmente inconsciente y ahora la última pataleta viene en forma de despacho.",anger,anger,anger,neutral
El objetivo de esta modificación es que se incremente la transparencia de los procedimientos que se llevan a cabo con estos fines de investigación.,neutral,neutral,neutral,joy
pero bueno ahora es el momento de estar tranquilos y reponernos de este golpe duro,sadness,neutral,sadness,neutral
"Vladimir Putin se despidió del último presidente de la Unión Soviética, Mikhail Gorbachev, en el hospital clínico donde reposa el fenetro.",neutral,neutral,neutral,neutral
"Bueno, oye, Raúl, chico, vamos. ¿Y si ensayamos más? ¿Qué te parece? Es que es muy distinto la manera. Aunque yo esté enfadada.",neutral,neutral,neutral,surprise
Pero por ahora se descartan nuevas medidas. Laura Clavero.,neutral,neutral,neutral,neutral
"que no ha sido, que no está siendo una gestión eficaz del dinero público. Y decimos esto porque, por ejemplo, en relación al tema que ya hemos abordado,",disgust,neutral,neutral,neutral
Cantabria quiere otra cosa y Cantabria necesita otra cosa con urgencia. Cantabria quiere ser,disgust,neutral,neutral,neutral
"imputan a su partido por corrupción y Sánchez calla, le investiga a la Fiscalía por usar fondos públicos por contrato de una mininiera y Sánchez huye.",disgust,anger,neutral,neutral
"En Aragón preocupan los brotes, sobre todo en Zaragoza, aquí ya hay 232 nuevos casos y se empieza a notar la tensión en algunos hospitales. Mientras tanto la imagen en las calles se aleja de una fase 2, seguimos viendo mucha gente",neutral,sadness,sadness,joy
Con esta iniciativa legislativa además ampliamos,neutral,neutral,neutral,neutral
El Consejo de Ministros ha aprobado a la Agencia Estatal de Investigación la convocatoria 2019 de tramitación anticipada de Centro de Excelencia Severo Ochoa y Unidades María de Maestu.,neutral,neutral,neutral,neutral
sobre tu vivienda o sobre lo caro o el trastero que tuvieras. Es totalmente injusto y nos sube un 3%.,disgust,anger,anger,neutral
Voy a hablar de la rueda de prensa que dieron las señoras Jonayda Celan y el señor Archibucia.,disgust,neutral,neutral,neutral
"Sí, señoría, hablo de un Gobierno que tiene la prepotencia de decirnos que las ayudas destinadas a igualar a los ciudadanos de Canarias con las de la España continental son parte de la financiación ordinaria y de las inversiones.",anger,anger,neutral,joy
El resto de teléfonos no tienen rastro de Pegasus.,neutral,neutral,neutral,neutral
y luego como hemos tenido que reforzar el equipo,joy,neutral,neutral,neutral
"Con un PIB per cápita de casi 35.000 euros, se gaste el 2,2% de su PIB en educación.",anger,neutral,neutral,neutral
"Como entrar en internet, entrarte en una red social en Ax, donde hay una niña grabándose con una cámara, o sea, con un teléfono, diciendo yo le pegaba porque me salía de los cojones.",sadness,neutral,neutral,neutral
"Es más indecente aún hacerlo para que Sánchez, Podemos y sus socios nacionalistas tengan la mayoría del Consejo General del Poder Judicial y Tribunal Constitucional. ¿Están ustedes locos, señores del Partido Popular?",anger,anger,anger,surprise
en fórmula 1 fernando alonso recupera esa meritoria séptima plaza conseguida en austin después de que la fía haya retirado su sanción fue tras este choque con stroll que dejó dañado su vehículo,neutral,neutral,neutral,neutral
Estas son las peculiares habitaciones de un hotel que está a punto de abrirse en Madrid. Está formado por una especie de cápsulas que no miden más de dos metros de largo por uno y medio de ancho.,neutral,neutral,neutral,neutral
"Muchas gracias, Toni. Muchas gracias, Elisenda. Muchas gracias a todos. Le paso la palabra a Guilán. Guapos.",joy,joy,joy,joy
"A ver, yo pasé por un tumor cerebral y después tuve la enfermedad de mis padres, que yo vivía entonces con ellos después.",sadness,neutral,sadness,neutral
Es la carretera construida sobre la lava del volcán de La Palma tras las lluvias de estas últimas horas. Precipitaciones que tienen a Canarias en alerta máxima.,neutral,neutral,neutral,neutral
"La inflación se situó en agosto en el 10,5 por ciento, es una décima más de lo que se preveía. El dato es inferior al de julio por la bajada de los carburantes, pero de los precios han tirado sobre todo la electricidad.",neutral,neutral,neutral,neutral
Hoy se ha celebrado en Barcelona un homenaje a las víctimas y a sus familiares. Sandra Ezquierdo se ha guardado un minuto de silencio y se han depositado también flores en el lugar del atentado.,neutral,neutral,sadness,neutral
"Bueno, estar en la misma categoría que mi maestra, con la que tuve la suerte de empezar en esta profesión uriespera.",joy,joy,joy,joy
Videollamadas consiguieron anoche acortar distancias con la familia y con los amigos. Muchos se acompañaron de ese modo en esta noche vieja tan atípica y tan casera.,neutral,joy,joy,neutral
"Cambiamos de escenario y de archipiélago, nos vamos a las Baleares y también durante la noche bastante movidita en este caso por las lluvias y tormentas que en Fornalux ya han generado estos",neutral,neutral,neutral,neutral
El Boletín Oficial del Estado publicó hace meses este que vamos a reproducir en nuestra pantalla y luego algunas comunidades autónomas han ido también publicando los suyos. Estos son por ejemplo los de Navarra y los de Aragón. Pueden descargarlos con este,neutral,neutral,neutral,neutral
"Exactamente comentó, y abro comillas, en la cabecita de alguno dirigente de esa monarquía corrupta, esta Canaria. Claro, cuando yo leí esto pensé, oye, ¿sabrá algo que nosotros no sabemos?",anger,neutral,anger,surprise
Ellos vienen y otros buscan irse fuera de España para vacunarse. A esto lo llamamos ahora turismo de vacunas. Hay cada vez más países en esa lista. Paz Bailón.,neutral,neutral,sadness,neutral
"Familias, esta tarde tenemos preparado un programa con esas recetas que no se pueden perder nunca, tenemos que recuperarlas. Bueno, afortunadamente nos han perdido, pero no podemos caer en el olvido cuando hablamos de una cazuela de espárragos con jamón y huevo.",joy,neutral,sadness,sadness
Comienza el 2022 con grandes incertidumbres sobre la posible recuperación económica. El precio del gas y la inflación disparada probablemente se encarguen de frenar el crecimiento previsto. Lucía Rodríguez.,neutral,neutral,neutral,surprise
Más de 170 personas han muerto y decenas han resultado heridas debido a los disturbios en un partido de fútbol en Indonesia.,neutral,neutral,sadness,neutral
Cada vez más aulas confinadas porque los contagios en colegios siguen aumentando. En Galicia en concreto se han duplicado. ¿La solución que plantean los expertos?,neutral,neutral,neutral,neutral
"Oía tiros por un lado, no sabías dónde venían, quedas un poco en off, no te enteras. Luego te vas dando cuenta, pero al principio es que no te enteras.",sadness,neutral,neutral,neutral
"Queda todavía mucho por hacer. Si miramos al IBEX35, solo encontramos a dos mujeres que presiden algunas de las grandes empresas de nuestro país.",neutral,neutral,neutral,neutral
"por parte de Colisión por Melilla, ideado y dirigido por Mustafa Berchán y con la complicidad de la señora Gloria Roja y del PSOE local.",disgust,neutral,neutral,neutral
La Ayuntamiento de Calpe ha decretado cinco días de luto por la muerte de un policía local.,neutral,neutral,sadness,neutral
La Comisión de Restructuración de la Comunidad Valenciana ha iniciado ya sus trabajos con la Ley del Silencio.,disgust,neutral,neutral,neutral
Leeré esa vacunación y a partir del miércoles en Baleares cualquier mayor de 12 años va a poder vacunarse sin cita previa. Sandra Iquierto.,neutral,neutral,neutral,neutral
que efectivamente están siendo criminalizados. Acabamos de votar y se ha salido adelante una proposición no de ley que señala con el dedo directamente.,disgust,neutral,neutral,neutral
Desde 1985 los habitantes de Chervono Grigorovka al sur de Ucrania han convivido con lo que hasta el 24 de febrero no era más que parte del paisaje. Desde entonces su presencia asusta.,neutral,neutral,sadness,fear
"y eso que la comparación la hacían con el año anterior, si nos vamos en comparación a dos o tres años atrás el dato es mucho peor, es decir, hoy día hay menos personas",disgust,neutral,neutral,neutral
"Y esos derechos de descanso que deberían de tener cuando ya son mayores y deberían de tener, pues eso, el derecho a ser personas jubiladas y a gozar de un poco de tranquilidad.",sadness,neutral,neutral,neutral
El puente sobre el estrecho de Kerch en Crimea reabrea el tráfico rodado y ferroviario tras la explosión del sábado atribuida a un camión bomba que dejó al menos tres muertos.,neutral,neutral,sadness,neutral
que pidió ayuda al Sistema Público Sanitario de Extremadura.,disgust,neutral,neutral,neutral
La pandemia nos está mostrando una cara del virus que no conocíamos hasta ahora. Pensábamos que el índice de contagio será...,neutral,neutral,neutral,neutral
"Es una ley fuera de rigor, de tiempo, de forma y de fondo. Una ley que reduce aún más la calidad de nuestro sistema educativo. Es una ley que discrimina el eliminar conceptos como la lengua vehicular.",disgust,anger,neutral,neutral
"Apoya a Sánchez, gobierna en Cantabria con Pedro Sánchez y él se lo devuelve robándonos la cartera a todos los cántabros.",disgust,anger,neutral,neutral
"y eso, desde luego, nos llena de orgullo. A partir de aquí quiero dar las gracias a Televisión Española por permitirnos estar todos los días, a Catorce, a Nico, a Sofía por iluminarnos, a los diez reporteros que demuestran todos los días cómo se hace un buen reportaje y a todo el equipo de Prado del Rey",joy,joy,joy,joy
Es su responsabilidad conseguir que ninguna empresa se quede atrás porque alguien en Madrid consideró que su sector no había sufrido las consecuencias de la pandemia.,disgust,neutral,neutral,neutral
"a decirnos que mi hijo no había salido de Bataclan, que le habían disparado",sadness,neutral,neutral,neutral
"Este gobierno, ya sabemos lo que hay, ¿no? El gobierno fue el que estuvo en la quie de Melilla y están esperando todos que al final pues...",disgust,neutral,neutral,surprise
"la niña sufrió cortes, fuertes golpes y una violación.",neutral,fear,sadness,neutral
"El Gobierno, en esta conmemoración y con el acuerdo que hemos adoptado en el día de hoy, con el plan que desarrolla nuestra tarea y nuestro trabajo en los próximos años, quiere estar",neutral,neutral,neutral,neutral
"Dragonés también pone en duda el rechazo de Pedro Sánchez a ese referéndum, Sandra Higierdo.",neutral,neutral,neutral,neutral
"¿A qué se dedica el señor Sánchez y usted, señor Puig? Pues muy sencillo.",disgust,neutral,neutral,neutral
La función está a punto de empezar a cuatro metros bajo tierra. La obra que están viendo los niños se tendría que haber representado aquí en el escenario principal del que es uno de los ciudades,neutral,neutral,neutral,neutral
"Buenas tardes. Bueno, estáis espectaculares y...",joy,joy,joy,joy
"sino que les preocupa que después de los indultos lo que viene es una mesa de diálogo entre el Gobierno de España y la Generalitat de Cataluña, donde se van a plantear otras cuestiones.",disgust,neutral,neutral,fear
"Este presupuesto no habla de cinco millones de valencianos, habla de 330 enchufados.",disgust,neutral,neutral,neutral
"Se ha lavado las manos y no ha intervenido para nada. Yo solo le diré una cosa, señor",disgust,neutral,neutral,neutral
"El respeto, la democracia, la convivencia y, fundamentalmente, la fortaleza de las instituciones es lo que tiene que acompañar el trabajo de todos los políticos.",anger,neutral,neutral,neutral
"Y bueno, esta historia es sorprendente. Un funcionario ha sido indemnizado con más de tres millones de euros por un despido de hace 30 años. ¡Paz o pailón!",neutral,surprise,joy,surprise
España ha confirmado la participación del presidente ucraniano Volodymyr Zelensky en la cumbre de la OTAN que tendrá lugar en Madrid la próxima semana.,neutral,neutral,neutral,neutral
"Usted misma dice que ponen en peligro lo que tanto trabajo nos ha costado a los demás. No será usted precisamente. De su gestión ya está todo dicho. ¿Cómo era aquello? Nueva York, Madrid...",disgust,neutral,neutral,surprise
"1.300, aunque la peor cifra la encontramos en Cataluña. Allí se sobrepasan los 2.200 contagios y un día más, Andrés Izquierdo, empeoran todos los indicativos.",neutral,neutral,neutral,neutral
"Tenemos fortuna en nada, pero en materia de fondos europeos no nos fiamos de Chimo Puig.",disgust,neutral,neutral,joy
"200 metros antes, explotó un coche y los recuerdos de aquellos son... están muy vivos. Parece que cuando hablo de esto, dices han pasado 30 años, pues no, no.",sadness,joy,sadness,neutral
"de jóvenes y de trabajadores no pueden desplazarse, se quedan bloqueados, se quedan colgados.",disgust,neutral,sadness,neutral
"El partido popular solo puede mostrar su rechazo. Hoy precisamente conocemos que en España ya hay mayor número de muertos que en China, que se intenten aprovechar políticamente.",disgust,neutral,neutral,neutral
Hay una primera vez para todo.,neutral,neutral,neutral,neutral
apostar por el campo es lo verdaderamente ecológico porque la tierra productiva es la tierra cuidada,anger,joy,neutral,joy
Pues aquí en Rusia el proceso de anexión ya está en marcha. Los dirigentes pro rusos se han dirigido al Kremlin para que reconozca cuanto antes que esos territorios son parte de la Federación Rusa.,neutral,neutral,neutral,neutral
Los ministros de Exteriores Europeos han acordado suspender por completo el acuerdo sobrevisados con Rusia para así dificultar la visita de los nacionales rusos al bloque.,neutral,neutral,neutral,neutral
que por parte de la Corporación Municipal tiene que haber un esfuerzo y levantar la voz en defensa de los intereses de Torremolinos.,disgust,neutral,neutral,neutral
"Perfeccione para... Ah, perfeccione. Bueno, será perfecto para...",joy,neutral,neutral,joy
"y además que no es algo solo de Torremolinos por desgracia, que es que el Partido Socialista a nivel nacional lo que ha pretendido con esa",disgust,neutral,neutral,neutral
"Hace cuatro años, Putin recorría en un camión los 19 kilómetros del puente más largo de Europa, que une Rusia con la anexionada península de Crimea.",neutral,neutral,neutral,neutral
"Pese a la guerra, más de 23.000 judíos jasidicos de varios países han viajado a la ciudad ucraniana de Uman para celebrar el año nuevo judío que este año se desarrolla del 25 al 27 de septiembre.",neutral,neutral,neutral,neutral
Esta que ven es imagen en directo que nos llega desde Estados Unidos los efectos del huracán Ian de categoría 4 con vientos de 250 kilómetros por hora ha dejado Cuba se ha fortalecido,neutral,neutral,neutral,neutral
"Nosotros sí, y además los españoles lo esperan. La próxima semana además es la cumbre de la OTAN y no cuenta ni tan siquiera con el apoyo de todo su Gobierno.",anger,neutral,neutral,neutral
Medidas se encuentra muy protegida por la Constitución. Esta Constitución hay que defenderla y seguirla apoyando siempre. El Partido Popular ya ha dicho que no está dispuesto a modificar nada de la Constitución que suponga un fondo importante.,disgust,neutral,neutral,joy
"Buenas noches, gracias Sevilla. Solo dar las gracias al jurado y al equipo de profesionales que hacemos 80 me, que realizamos esta década tan dolorosa y al mismo tiempo tan iluminada.",joy,sadness,joy,joy
"Otro nuevo golpe esta mañana a una central eléctrica ha sido un ataque con drones en las afueras de Kiev, en Makarov, una localidad muy castigada durante la invasión y que estuvo ocupada por los rusos.",neutral,neutral,sadness,neutral
La asfixia por atragantamiento es la tercera causa de muerte no natural en nuestro país. Solo la superan los suicidios y las caídas.,neutral,sadness,sadness,neutral
"El acto que la familia ha pedido celebrar en la más estricta intimidad ha contado con personalidades de la política andaluza y del deporte, ya que Imbroda también fue seleccionador nacional de baloncesto desde 2001 hasta 2002.",neutral,neutral,neutral,neutral
"Bien, pues hoy día 31 de mayo, el día de Castilla la Mancha, desde el Partido Popular de Castilla la Mancha hemos querido rendir un sentido homenaje a todos los castellanos manchegos.",sadness,joy,joy,neutral
¿Qué se ha hecho hasta ahora? ¿Qué se ha trabajado? ¿Qué se ha gestionado? ¿Qué proyectos se han preparado que no tienen encaje en la financiación europea?,disgust,neutral,neutral,surprise
no se fijen en lo que dicen en la campaña electoral sino en lo que hacen.,disgust,neutral,neutral,neutral
Abascal ha presentado su España decide que consiste en la celebración de referéndum sobre inmigración y legalización de partidos independentistas o la enseñanza de castellano en colegios catalanes.,neutral,neutral,neutral,neutral
Pensé que por primera vez el Partido Popular empezaba a preocuparse por los problemas reales de la gente de nuestro país. Vengo aquí a comprobar con tristeza,anger,sadness,sadness,sadness
"M. Rajoy a lo mejor termina en los tribunales y en los libros de historia por ser también una gran personalidad feminista. Miren, señorías, al final...",anger,neutral,neutral,joy
"¿De qué PSOE es usted, señora De la Cuesta? Pues usted es del PSOE, del único que existe, de un partido que se ha convertido en un verdadero cuadro. Los protocolos no suponen esfuerzo económico y permiten mejorar la calidad de vida de la que hablamos.",disgust,neutral,neutral,surprise
"La guerra en Ucrania ha provocado un aumento de la pobreza y no solo en ese país sino también en Rusia, preocupa especialmente la situación de la infancia, con cuatro millones más de niños que viven en malas condiciones desde que comenzó la invasión.",neutral,sadness,sadness,sadness
"Entonces se vive con mucha tristeza, la tristeza está ahí. Pero llega las navidades, llega la noche de paz.",sadness,sadness,sadness,sadness
"Por lo tanto, que dejen de mentir, que dejen de demonizar al turismo, a la hostelería, a los propietarios, al deporte náutico y del deslizamiento que los han tratado como auténticos",anger,anger,anger,neutral
"A solo 15 kilómetros de la frontera con Rusia, donde prácticamente todo es tierra quemada, reactivar la economía no es fácil. En esta granja, en la región de Kharkov, antes de que el ejército ruso ocupara el pueblo, trabajaban 300 personas y había 3.000 vacas.",neutral,neutral,neutral,neutral
"Las cosas materiales se pueden reemplazar, el joven que se va es muy difícil y ese es un lujo que escapa nuestras posibilidades y ese es nuestro reto, frenar la sangría migratoria. No puede ser que los propios jóvenes",disgust,neutral,sadness,neutral
El inicio del curso político de Sánchez será la factura de la luz que reciban muchos españoles al inicio de este mes de septiembre.,disgust,neutral,neutral,neutral
"No, normalmente lo pruebo al final, pero hoy lo he probado antes de empezar porque hoy os vamos a proponer, qué palabra más bonita, tapas.",joy,joy,joy,joy
a que se pare esta injusticia que dé inmediatamente explicaciones el alcalde a que se abra una comisión de investigación y que aquí,disgust,anger,neutral,neutral
"¿Cómo lidiar con un rol víctima? Primero de todo, ¿qué es un rol víctima? Es diferente ser víctima de algo, por ejemplo por haber sufrido una desgracia, que tener un rol víctima.",neutral,neutral,neutral,surprise
"A ver si es que lo que pasa es que usted no se entera bien lo que pasa en la consejería. ¿Cree usted que los centros existen y que hay allí alumnos y está todo el mundo estudiando? Y resulta que es que no. Entonces, informese bien porque...",anger,neutral,neutral,surprise
"Año por edades, la gran mayoría de los fallecidos siguen siendo mayores de 80 años, son más de la mitad de los muertos desde el mes de octubre, es decir, en esta sexta ola.",neutral,neutral,sadness,neutral
"Conquistar un puente bajo control del enemigo. Este es el objetivo de las maniobras militares conjuntas a gran escala que realizan estos días soldados de los Países Bajos, Alemania, Polonia y Estados Unidos.",neutral,neutral,neutral,neutral
¿Cuántas veces habremos criticado a otra persona y cuántas veces nos habrán criticado a nosotros? Y la pregunta es ¿Y por qué lo hacemos?,neutral,neutral,anger,surprise
"Y claro, el primer golpe fue la declaración de tres horas.",sadness,neutral,neutral,neutral
"Para hablar de corrupción, señores del Gobierno miren a su bancada. El PSOE de Simancas con un millón de euros de financiación ilegal. Lecciones, ninguna.",anger,anger,neutral,neutral
"para niños, jóvenes y adolescentes apartada de la unidad de salud mental de atención.",disgust,neutral,neutral,neutral
"que interpretase como siempre se hizo, que es como nosotros pedimos que se interprete, como el Parlamento de Cantabria ha pedido que se interprete hasta el punto de proponer una modificación de la ley para aclarar definitivamente la redacción de ese artículo.",disgust,neutral,neutral,neutral
A partir de ahora sabremos exactamente qué tipo de pan estamos comiendo. El Consejo de Ministros de hoy ha aprobado un nuevo etiquetado para evitar dudas o para evitar fraudes.,neutral,neutral,neutral,neutral
"a los acontecimientos, como hacen otras muchas organizaciones, también las empresas, y responder en consecuencia a los problemas con premura y también con eficacia.",neutral,neutral,neutral,neutral
"y esa irresponsabilidad, esa imprevisión tiene unas cifras de contagio, unas cifras de incidencia que ya nos han situado",disgust,anger,anger,neutral
"Acabo hoy de remitirle una carta a la ministra de Hacienda, la señora Montero.",anger,neutral,neutral,neutral
Hoy los autónomos pagan más cuota y usted lo que les plantea es reducirles las prestaciones. Las familias ven como la cesta de la compra está más vacía y es más cara. A los agricultores les cuesta más producir y obtienen menos por sus productos.,disgust,anger,anger,neutral
Dejen de jugar al gato y al ratón con sus falsas mesas de diálogo y ayuden de una vez por todas a las personas. La gente ya no aguanta más.,disgust,anger,anger,joy
"Queremos el cambio de modelo de financiación y, si no es posible, un fondo de nivelación. Tiene el apoyo del Partido Popular, tanto cuando gobernaba Rajoy como ahora, quienes han cambiado",disgust,neutral,neutral,neutral
"Para estar en contra del aborto hay que luchar por educación sexual, información de anticonceptivos, educación sexual en los colegios. No se puede estar en contra del aborto y negarse.",anger,neutral,neutral,neutral
para conseguir reducir los precios de la energía que necesitan consumir en sus procesos productivos.,disgust,neutral,neutral,neutral
"que los fondos europeos pasen de largo por Cantabria, que el mayor programa de inversiones de la Unión Europea",anger,neutral,neutral,neutral
Es una de las grandes citas culturales en Cataluña y anoche celebró su 70 aniversario. La Bestia es la novela ganadora del Premio Planeta que ya es el galardón literario mejor dotado del mundo con un millón de euros.,neutral,joy,joy,joy
"Me llamo Lucía, soy una mujer maltratada desde que nací. Fui maltratada por mi padre, más luego me casé y con el hombre que me casé, casi desde el primer día también fui maltratada psíquicamente.",sadness,sadness,sadness,sadness
"Además, el exministro de Justicia, Alberto Ruiz de Gallardón, asegura que actuó como intermediario entre Ayuso y Balmida, comunicándole al regidor que desde el ayuntamiento supuestamente se investigaba el hermano de la dirigente.",neutral,neutral,neutral,neutral
¿Cómo voy a hacerlo si me parten las piernas y los brazos? ¿Cómo voy a decir nada si me parte la mandíbula en mil pedazos?,sadness,sadness,neutral,surprise
¿Qué oferta tiene el independentismo para los catalanes? ¿Una mera silla vacía? Ustedes están tan centrados en atacar España y en atacar también a los adversarios políticos que nunca les da por defender.,disgust,neutral,anger,surprise
"A pesar de los momentos malos o tristes que nos ha dado este premio,",sadness,joy,sadness,sadness
La investigación de la Universidad de Stanford en Estados Unidos ha logrado trasplantar neuronas humanas modificadas al cerebro de roedores recién nacidos y han podido modificar su comportamiento. Este avance...,neutral,neutral,neutral,neutral
"para que Sánchez deje de utilizar el dinero de los españoles para comprar votos para el PSOE. Sánchez es el único presidente de la historia de España condenado por la junta electoral. Con esos supuestos, viernes sociales que eran electorales haciendo anuncios",anger,anger,neutral,neutral
"del entorno a los 85, 83 euros. El tope del precio del gas va a amortiguar también los efectos de la subida del IPC, reduciéndolo del entorno de un punto.",neutral,neutral,neutral,neutral
"Desgraciadamente, esta no será la primera ni la última sentencia. Vendrán otras que afectarán también al Partido Socialista y a la gestión de fondos europeos destinados a la formación. Y aquí estaremos nosotros para seguir denunciándolo. Muchas gracias.",anger,sadness,sadness,joy
"Conocemos a Victoria, estudia un doble grado de derecho y economía y además trabaja.",neutral,neutral,neutral,neutral
"El reto ahora mismo es eliminar el plástico de nuestras vidas, pero ¿eso es posible? Bueno, vamos a verlo. Paz Bailón, tú estás en una casa en la que no hay nada de plástico. ¿Cómo es?",neutral,neutral,neutral,surprise
"pues iba a ser, tenía que ser de 10 en todos los aspectos y así lo hemos llevado. Es verdad que no han generado oportunidades porque al final el equipo, el Barça viene de hacer el último partido pues bueno, pues muchísimas ocasiones y muchos goles al equipo de primer nivel.",sadness,neutral,neutral,neutral
"la dignidad de un país, la memoria de un país, la derrota que hace mucho tiempo los demócratas conseguimos sobre la onda terrorista de ETA por votos para que el Gobierno saque adelante los presupuestos o la reforma laboral. Yo le pido al Gobierno que se levante de esa mesa con Bildu,",disgust,neutral,sadness,neutral
"Son muchos quienes estos días arriman el hombro para salir pronto de esta situación y ayudar a quien lo necesita, médicos, enfermeros, dependientes de supermercado, fuerzas de seguridad del estado y también agricultores y ganaderos. Ellos trabajan sin descanso para asegurar nuestra alimentación.",neutral,neutral,neutral,joy
"que era posible construir democracia, esa democracia que le debemos a tantas generaciones de mujeres y de hombres justos.",sadness,neutral,sadness,neutral
"Este ha tenido que cesarlo, pero señor Moham mantiene su escaño y nos gustaría saber cuál es la situación actual del gobierno con respecto a señor Moham.",anger,neutral,neutral,neutral
"que durante tres prórrogas está dando el principal partido de la oposición al gobierno, es eficacia, hay eficacia para proteger a los sanitarios, para contener la pandemia y también para un plan de choque económico que es esencial porque",sadness,neutral,neutral,neutral
"a Marina San José, porque te amo y me da la gana, porque haces mi vida en el escenario y fuera de él mucho más bonita de lo que era antes de conocerte.",joy,joy,joy,joy
"Muchos han hablado de cómo será volver a volar y ya les adelantamos que así no, porque la distancia de seguridad entre pasajeros no estará recomendada, como sí lo está, por ejemplo, en trenes o autobuses.",neutral,neutral,neutral,neutral
"personas humanas, seres humanos, que puedan, a traición, cometer semejantes masacres. ¿Para qué sirve matar? ¿Para qué sirve la destrucción? Para nada.",sadness,anger,anger,surprise
"No, tú estás acongajado por otras cosas.",joy,neutral,neutral,neutral
"Cuando salga de la Moncloa, que está cerca, no solo dejará una grave crisis económica, a lo que ya estamos acostumbrados cuando gobierna el Partido Socialista, dejará también una dura y difícil crisis institucional, que será más difícil de revertir.",anger,sadness,neutral,neutral
"No se trata de un debate técnico sobre quién es o no una víctima del Covid, sino de un hecho incontestable. Lo repito, en España durante esta tristísima primavera han muerto 45.000 españoles de más.",sadness,sadness,sadness,neutral
porque para lo suyo han dicho que sí y resulta que para lo del PSOE no. ¿Qué saben ustedes del rollo que hay ahí dentro que creen que es bueno que no se sepa?,anger,neutral,anger,neutral
"ya iba como reaccionando, escuchaba más gritos y empecé a escuchar disparos.",sadness,neutral,neutral,neutral
"De eso quiero que me venga a hablar. Mejor de eso que del compromiso de ustedes con el pueblo de Sáhara, porque mejor estaban callados.",disgust,neutral,neutral,joy
"Como les hemos contado al principio, estamos pendientes a esta hora de un incendio entre las provincias de Guadalajara y de Madrid que ha obligado a desalojar dos urbanizaciones. Hay unos 80 vecinos afectados. Sepamos cuál es la situación a esta hora. Lucía Rodríguez.",neutral,neutral,sadness,neutral
Lucas Enco se sube al carro de la invasión.,neutral,neutral,neutral,neutral
"Estos son los nuevos siete miembros del Comité Permanente del Politburo Chino, Files Aliados de Xi Jinping.",neutral,neutral,neutral,neutral
"La Unión Europea baraja seriamente pagar a Elon Musk por el servicio de Internet Starlink, vital hoy por hoy para Ucrania.",neutral,neutral,neutral,neutral
"a propuesta del Ministerio de Transición Ecológica y Reto Demográfico, que ha dado luz verde para la remisión a las Cortes de la ley que regula el régimen del comercio de derechos de emisión de gases de efecto invernadero.",neutral,neutral,neutral,neutral
"a que se ofrezca toda la información que podría evitar que muchas mujeres llegasen a esa situación. Y por lo demás, bueno, son ustedes unos cínicos y además lo saben.",anger,anger,anger,neutral
Enfrentamiento entre ese grupo de vecinos con los administradores de un piso turístico en Madrid. Los vecinos dicen que ellos no pueden más ya y los administradores aseguran que les están haciendo la vida imposible. Mucha tensión. Paz Bailón.,neutral,neutral,neutral,neutral
"compartirlo con Eva y con Cecilia, que las admiro muchísimo, y dar las gracias a Diagona, la televisión española,",joy,joy,joy,joy
"Rusia cifra en 13 personas las fallecidas como consecuencia del accidente de un caza bombardero ruso que se precipitó el lunes en una zona residencial de la ciudad de Jeisk, junto al mar de Azov, no lejos de la frontera ucraniana.",neutral,neutral,sadness,neutral
pero se nos ha negado el documento.,disgust,neutral,neutral,neutral
Pena la tienes siempre porque esto es algo con lo que tienes que vivir y además yo creo que cuando dicen se supera,sadness,neutral,sadness,joy
"El sonido de un avión no tripulado iraní se escucha en la ciudad ucraniana de Mikolaiv. Las fuerzas rusas los lanzan aquí durante la noche, con frecuencia sólo al amanecer los artificieros locales tienen una visión completa de los daños que han causado.",neutral,neutral,sadness,neutral
policía ahora no sé qué porque precié que sólo atentaban contra eso que no lo que atentaban también contra contra empresarios contra civiles,sadness,neutral,anger,surprise
"en el caso de la pandemia,",neutral,neutral,neutral,neutral
"Hoy Cataluña vuelve a convertirse en la ciudad de los libros y de las rosas. Muchos escritores se han encontrado con sus lectores y han podido disfrutar de este día, Sandra Izquierdo, aunque sea con restricciones, ¿no?",neutral,neutral,joy,surprise
"Hoy el Gobierno de Castro, PSOE y Coalición por Melilla lo hacen efectivo desahuciando a la peña taurina.",anger,neutral,neutral,neutral
"El susto, la sorpresa, te hacía reaccionar. En uno de ellos cogió el teléfono y dijo, por favor, avisar a la policía que nos están atracando y tenía algo malo.",sadness,neutral,sadness,surprise
Desde luego en estas condiciones no vamos a apoyar el estado de alarma y es triste que Emiliano García Paje se rinda así a los intereses de Pedro Sánchez.,disgust,sadness,sadness,sadness
"El barco de rescate Ocean Viking atraca en el puerto de Tolón, en Francia, con 230 personas a bordo, después de estar tres semanas esperando un lugar seguro para atracar y de cuatro evacuaciones de emergencia, Francia ofreció un amarre a la embarcación.",neutral,neutral,neutral,neutral
"Bueno, van a ver ahora la solución que ha encontrado Mari, que es una mujer de tres cantos en Madrid, para no renunciar a ese ratito de tertulia diario en la calle a pesar del coronavirus. Su hijo le ha ayudado con una sábana. Vean.",neutral,neutral,neutral,neutral
"Yo siempre que veía a la gente agradecer un premio al equipo decía, ¡qué moñas! ¡Qué imbéciles! ¡Pero está mi equipo ahí arriba! ¡Y son los mejores!",joy,anger,anger,joy
Puedo oírlo todo. Oigo a los sirvientes en el otro extremo de la casa murmurando y a los ratones en el desván pisando fuerte como elefantes.,fear,neutral,neutral,neutral
tiene otro arma más poderosa para que no haya recortes en la dependencia de los valencianos para que los niños dejen de estar en barra valencianos en barracones,anger,neutral,neutral,neutral
"No lo de siempre, lavarse las manos, escaquearse, no conseguir nada.",anger,anger,neutral,neutral
"Y en Aragón se han duplicado los contagios en tan sólo 24 horas. Sandra Izquierdo, ¿el ejército ha vuelto a desplegarse en Huesca para preparar un pabellón de pacientes de coronavirus?",neutral,neutral,neutral,neutral
de los restos del cohete chino de los que hemos estado pendientes.,neutral,neutral,neutral,neutral
"Por supuesto, en 2019 la voté el 4 de mayo y ahora la vamos a votar a nivel interno. No todos tenéis la suerte de volver a votarla esta vez. La vamos a votar a nivel interno para que sea la presidenta del Partido Popular de Madrid y tenemos muchísimas ganas y una ilusión enorme.",joy,joy,joy,neutral
"Mire, con un mercado laboral débil, aún en vías de recuperación, con un déficit del empleo neto respecto de los datos previos a la pandemia, con más de un 30% de paro joven,",anger,neutral,neutral,neutral
"Me pueden decir cualquier cosa, hacerme sentir mal, me hacen sentir insegura, decir por qué. Porque tengo que ir a mi casa o ir a cualquier sitio siempre alerta.",sadness,neutral,anger,anger
"Reconocíamos ese acuerdo para subir hasta un 9,5% el sueldo de los funcionarios en un plazo de tres años. Lo han ratificado esa tarde, después de reunirse con el gobierno,",neutral,neutral,neutral,neutral
de dichos municipios y por recomendación científica se ha fijado un radio de exclusión de 2 kilómetros en torno a los centros de misión,neutral,neutral,neutral,neutral
"Hoy, de hecho, hemos aprobado una nueva petición de prórroga del estado de alarma que vamos a someter a la preceptiva autorización del Congreso de los Diputados en el día de mañana",neutral,neutral,neutral,neutral
"el transfuga Castro y el Partido Socialista avalando y consintiendo la tesis de coalición por Melilla, un partido excluyente.",disgust,neutral,neutral,neutral
"que Sánchez está justo donde quiere estar, despreciando la mano tendida del Partido Popular y de Pablo Casado y abrazándose a Bildu y a Podemos.",disgust,anger,neutral,neutral
para contar esta historia tan satisfactoria y que para nosotros es un éxito total.,joy,joy,joy,joy
"ni cobrar su sueldo de diputados, y a ver lo poco que tardan. Afuera hay bromas, a ver si dejan ya de decir sandeces que pueden afectar a la salud y a la seguridad de los demás porque ya está bien.",anger,anger,anger,joy
¿Qué hacer para aumentar las entregas de armas a Ucrania? Esta es la principal pregunta que se hacen los ministros de defensa de los países de la OTAN reunidos en Bruselas.,neutral,neutral,neutral,surprise
"Los países de la Unión Europea llegaron este miércoles a un acuerdo político para poner en marzo el octavo paquete de sanciones contra Rusia, para fijar un tope al precio del petróleo ruso.",neutral,neutral,neutral,neutral
"salieron despedidos por todos los lados uno se quedó medio cuerpo allá, medio cuerpo allá fue un estado horrible murió mucha gente inocente que no",sadness,sadness,sadness,neutral
El detonante fue que yo pensé un día que yo no me merecía que me castigasen tanto porque yo solamente me,sadness,sadness,sadness,surprise
"a él, muy cerquita, a un metro y como yo decía que era una metralleta pero luego supe que era una escopeta de cañones recortados y vivía otro atraco",sadness,neutral,neutral,neutral
Miles de ciudadanos chinos nos visitan estos días coincidiendo con la celebración de su año nuevo. La estadística dice que son los turistas que más dinero gastan en sus viajes y estas son sus vacaciones más largas.,neutral,neutral,neutral,neutral
y salida de los trenes de alta velocidad de Alicante que el gobierno socialista los quiere desplazar a Chamartín alejándolos del centro y perdiendo 15 minutos en cada uno de los desplazamientos. ¿Y esto es así?,disgust,neutral,neutral,neutral
cerrado y en esta cálida asistencial. Estamos viendo cómo la Sanidad Valenciana ahora mismo los profesionales tienen que atender a los pacientes en barracones.,disgust,neutral,neutral,joy
Porque ya está calentando en la banda nuestra experta en deportes que se llama Isabel,joy,neutral,neutral,neutral
"Ana, eres una persona muy informada, esto es una cosa que no hace falta que te digamos en tapeando, para que lo sepas.",joy,neutral,neutral,joy
"En la reunión conjunta de los grupos del Congreso y el Senado ayer propusimos una propuesta, valga la redundancia, que pensábamos que era generosa.",disgust,neutral,neutral,neutral
"Bueno, este premio, como todos, es de muchísima gente, entre ellos los que nos apoyaron desde el principio, el Icaá, Televisión Española y Televisión de Cataluña, especialmente Jordi Ambrós, sin los que no estaríamos aquí. Yo lo quiero agradecer",joy,joy,joy,joy
"Por eso es insuficiente el programa de los 400 euros del Gobierno del Principado, es inaceptable que vayan tan tarde para su línea de avales, es irrisoria su propuesta de aplazamientos tributarios sin contemplar exenciones.",disgust,anger,anger,anger
"Familias, hoy vamos a preparar una de esas recetas que está buena en cualquier momento del año, incluso en verano como estamos ahora, porque vamos a hacer...",joy,neutral,neutral,joy
"La seguridad de los pacientes, incluidos los bebés, no sigue un protocolo común a nivel nacional. El control depende fundamentalmente de cada hospital.",neutral,neutral,neutral,neutral
"y yo en mi calidad de jefe de la oposición, medidas al gobierno de Castilla la Mancha para paliar la nefasta situación por la que atraviesan económicamente autónomos y pymes en Castilla la Mancha.",disgust,neutral,neutral,neutral
Hoy se cumplen 50 años del llamado milagro de los Andes. El 13 de octubre de 1972 un avión se estrelló en plena cordillera,neutral,neutral,neutral,neutral
"sobre la contratación de cuidadores, salvo el último anuncio que se hizo constar de que la intencionalidad era un plan de empleo.",disgust,neutral,neutral,neutral
"Miren, si es indecente siempre repartirse a los jueces,",anger,anger,anger,neutral
"El acoso callejero no tiene horario, esto te puede pasar muy pronto, por la mañana, por la tarde, por la noche, a cualquier hora.",sadness,neutral,neutral,neutral
"Al poco tiempo me ha intentado Juan Bravo, un poco el de República Dominicana. Juan Bravo había trabajado conmigo.",sadness,neutral,neutral,neutral
"Un encuentro que se produce, además, con representantes del Gobierno y de partidos políticos condenados por sedición, polvoversación, por desobediencia o incluso alguno todavía imputado por los hechos del 1 de octubre.",disgust,neutral,neutral,neutral
Es instalaciones hospitalarias que puedan sofocar el colapso que tiene ahora el hospital de la ciudad.,disgust,neutral,sadness,neutral
Lo peor del huracán Ian no se ve desde la península de Florida. Este guía turístico dan nos lleva a la que se considera la zona cero.,neutral,neutral,neutral,neutral
"el ir en el coche, ir pendiente si se te acerca uno más de la cuenta, si estás parado en algún sitio, no dejas de estar alerta mirando retrovisor y mirando todo, cuando te vas a montar en el coche,",sadness,neutral,neutral,neutral
"Y bueno, esto tiene… Lo bonito de este premio es que viene de gente que sí que se dedica también a divulgar lo que es la esencia del cine de verdad, ¿no? Los críticos, la revista Fotograma…",joy,joy,joy,joy
los errores de un concurso mal convocado y mal resuelto en el año 2009. Y es que los errores de revilla los pagamos todos los cántabros y este es un ejemplo palpable.,disgust,anger,neutral,joy
"Atención a Castilla la Mancha, ¿qué pasa aquí? Aquí ha empezado a funcionar a partir de hoy el código QR en bares y en restaurantes. Cuéntanos cómo va la experiencia. Paz Bailón.",neutral,neutral,neutral,surprise
"Los resultados europeos en consecuencia, los resultados de las elecciones europeas, empezarán a poder ser comunicados a partir de las 11 de la noche, que es la hora a la que se cierra",neutral,neutral,neutral,neutral
"No, para nada te puedes imaginar que tu hija está siendo víctima del bullying y de todo ese acoso.",sadness,anger,anger,anger
"La cúspide de la riqueza de la lista Forbes sigue gobernada en España un año más por Amancio Ortega y su hija Sandra, pese a que sus fortunas han menguado respecto a 2021. También es el caso del presidente de Ferrovial, que cierra el podio.",neutral,neutral,neutral,neutral
"Gracias a la revista Fotogramas, muchas gracias. Bueno, me hace muchísima ilusión estar aquí y este premio porque lo da el público y el público para la llamada ha sido",joy,joy,joy,joy
Se desprenden trozos de carretera en el corredor de Nalón.,neutral,neutral,neutral,neutral
"el alcalde Hidalgo, al que reitero, el Partido Socialista que lidera el gobierno local en las Palmas de Arancanaria, no es un problema de Doreste, es del Partido Socialista del alcalde Hidalgo",disgust,neutral,neutral,neutral
"Las comunidades autónomas no pueden, al amparo de sus propias competencias en materia de medio ambiente, imponer al Estado la obligación de someter a evaluación ambiental los programas y planes que ostenta dentro de sus competencias.",neutral,neutral,neutral,neutral
"Rusia ha atacado este sábado una casa y una fábrica de cerámica en la ciudad de Sloviansk, en el este de Ucrania. Acabaron destruidas por el fuego pero no se reportaron víctimas.",neutral,sadness,sadness,neutral
"Estaba siempre alerta y sigo estando alerta, pero me costó muchísimo y ya casi lo tengo un poco más dominado, aunque hay momentos y situaciones que todavía vuelven.",sadness,neutral,sadness,joy
"Tragedia en la India al colapsar un puente colgante recién inaugurado en el estado de Gujarat. Según los primeros informes oficiales hay al menos 35 muertos, pero unas 30 personas están desaparecidas.",neutral,sadness,sadness,surprise
"Son los ciudadanos de Cantabria, los contribuyentes de Cantabria, quienes tienen que hacer frente a estas indemnizaciones.",disgust,neutral,neutral,neutral
"Gracias Telecinco, gracias MOT Producciones por darme esta preciosa Son Soles, gracias a Rubén Cortada, maravilloso compañero, gracias Salvador Calvo por su cariño, por su amor,",joy,joy,joy,joy
"Buenas noches. ¡Qué bonito es esto y qué mal se pasa! Estoy muy contenta, pero tengo que darle las gracias a la Universidad de Alcalá de Henares, que fue la que me presentó a este premio, y a mi querido Instituto Quevedo",joy,joy,joy,joy
"Con este tweet el actor catalán Josep Linaresa pedía ayuda a mil personas para que se suscribieran a sus vídeos de youtube en los que el actor recorre ciudades para poder tener algunos ingresos. Lleva ya un año sin trabajar, ha conseguido 30 mil.",neutral,neutral,neutral,neutral
como herencia extraordinaria y como espacio de progreso personal y social. Sánchez engañó masivamente a los españoles,disgust,anger,neutral,neutral
"Y, por desgracia, muchos torremolineses seguirán acudiendo a las puertas de este ayuntamiento para pedir ayuda, quizás para verano…",disgust,sadness,sadness,neutral
Es un trofeo del partido porque jugamos un partido muy importante después de la derrota en casa.,sadness,neutral,neutral,joy
"Por favor, no me hagas daño. Por favor.",fear,sadness,sadness,sadness
"No nos pasa lo que nos sucedió hace 10 años, señor Revilla, que nos dejaron fuera del mapa ferroviario europeo.",disgust,neutral,sadness,neutral
la fragmentación del voto del centro derecha en nuestro país es el mayor aval que tiene ahora mismo,joy,neutral,neutral,neutral
Y una leche da igual perder 4 a 0 con la Lety. Una leche da igual. Una leche da igual. Lo van a notar ellos esta semana en la ciudad. Porque van a ver las casas.,anger,neutral,neutral,neutral
"No ha sido buen compañero, no ha sido buen empresario, no ha sido nada. Y, claro, esto me sorprende cuando viene",anger,neutral,neutral,surprise
"La ciudad de Caravallo, cerca de Lima, en Perú, tendrá que esperar para tener su nueva red de gas natural. En pleno proceso de instalación, los trabajadores encontraron restos arqueológicos de culturas chancay y guará.",neutral,neutral,neutral,neutral
"Todavía no hay confirmación sobre si esta vez habrá posado oficial de la familia real en Maribén, pero hay gran expectación por ver los movimientos de los Reyes en Mallorca. Sandra Izquierdo.",neutral,neutral,neutral,joy
pensar que durante unas horas voy a estar en su misma categoría es una mentira lo suficientemente bonita para que me permitas que me la cree hasta que me despierte mañana.,joy,neutral,neutral,joy
"Si no has muerto vas a morir. Total que salí del coche y estaba escuchando disparos, una ráfaga de metralleta, muchas disparos.",sadness,neutral,sadness,neutral
"el no por el no, nosotros no somos el no es no, nosotros no nos parecemos en nada ni al Partido Socialista",disgust,neutral,neutral,anger
"y a la familia elegida, a Paloma, a Juanes, a toda la familia que quiero tener siempre a mi lado. Natalia, os quiero. Gracias y disculpad.",joy,joy,joy,joy
"Ya lo hemos pasado un montón de veces, chicos. Es que ahora ya es trabajo personal vuestro. De que las cosas que os he dicho, las anotaciones que tenéis, las hagáis. Que no son tan difíciles, de verdad que no.",anger,neutral,neutral,neutral
Maniobras militares en Colombia bajo la supervisión de la OTAN.,neutral,neutral,neutral,neutral
y aquellos que quedaron truncados también y hemos hecho otra serie de propuestas que vamos a impulsar desde nuestra formación política.,sadness,neutral,neutral,neutral
"Señor Iglesias, en política no se pide perdón, se dimite.",disgust,neutral,neutral,neutral
Lo que está claro es que para Cantabria es una prioridad la Autovía Burgos Aguilar porque nos acerca a Burgos un cuarto de hora y a Madrid,anger,neutral,neutral,neutral
El presidente del gobierno ha anunciado hoy que rebaja el IVA del gas a partir del mes de octubre. Lo ha hecho en una entrevista concedida a la cadena SER. Vamos a buscar más datos en la redacción del canal 24 horas con nuestro compañero Álvaro Jiménez.,neutral,neutral,neutral,neutral
"En esta Navidad diferente, lo que no cambia es que aquellos que residen fuera de España quieren regresar a su casa unos días aquí con la familia y muchos están teniendo problemas para hacerse la PCR, para poder volar aquí a España. Paz Bailón, cuéntanos.",neutral,sadness,sadness,neutral
"Los datos de las autoridades sanitarias nos indican que efectivamente esa curva está bajando y de manera muy intensa y en consecuencia que hemos logrado ese resultado entre todos, con el esfuerzo de todos.",joy,neutral,neutral,neutral
"La ciudad de Bahmoud, en Donetsk, está sufriendo los combates más intensos entre Rusia y Ucrania. Las tropas de Moscú insisten en su ofensiva en el este del país y en su intento de tomar esta ciudad pese a la resistencia de los ucranianos.",neutral,neutral,neutral,neutral
"La misión de LOHIA, que ya se encuentra en suelo ucraniano, se ha reunido con el presidente Volodymyr Zelensky.",neutral,neutral,neutral,neutral
que es físicamente muy fuerte.,sadness,sadness,neutral,joy
"y otra porque muchas de las personas cuidadoras son también personas mayores, casi siempre mujeres, que encima están sufriendo",sadness,sadness,sadness,neutral
"y ya podía haber sido la que negoció en el 2015, aparte de que digan que es muy mala, la que negoció el Partido Popular para los intereses de los ganaderos de Cantabria.",disgust,neutral,neutral,neutral
"El SAJA debe concluir las obras ya proyectadas. El ASON se desborda en Ampuero y en algunas otras zonas, creando situaciones muy peligrosas tanto en el casco urbano como en el polígono industrial.",disgust,neutral,neutral,neutral
"El plan de ahorro de energía ha entrado en vigor esta semana. Aunque España no dependa energéticamente de Rusia, las de nuestro país serán las medidas más duraderas y tendrán las sanciones más severas de Europa.",neutral,neutral,neutral,neutral
"Bueno, muchas gracias a los críticos, bueno, a fotogramas y a los críticos que han votado por la peli. Yo quería, normalmente el premio a la mejor peli lo recogen los productores, pero se ve que en los fotogramas de plata",joy,joy,joy,joy
"Señor Sánchez, quedan muchas incógnitas que usted todavía tiene que despejar sobre las investigaciones del CNI tras el cese de su directora. Lo que no puede negar es que, como presidente, usted estaba al corriente.",anger,neutral,neutral,neutral
"llenándose todos los días, nos han dado la vida. Así que gracias por el premio y gracias por venir. Muchas gracias de corazón.",joy,joy,joy,joy
"y compromiso, no estuvo ni en el debate ni en la votación.",disgust,neutral,neutral,neutral
Y me va a permitir que no le permita a usted ninguna lección a este grupo parlamentario. Y le diré por qué.,anger,neutral,neutral,neutral
"y estaban esperando, como el agua de mayo, a ver qué decía Madrid con esto de los fondos. Ahora se han enterado, se les ha caído su cuento de la lechera, se le ha caído al suelo, ha reventado. Y están que no saben lo que van a hacer. Y por eso no hay ningún plan.",disgust,anger,anger,neutral
"Además, hemos recordado al ministro de Universidades, al señor Castells, que esta ha sido una oportunidad perdida para que la Universidad española fuera un referente en la investigación internacional contra el coronavirus.",sadness,neutral,neutral,neutral
300 euros y nos lo envían a casa en 24 horas. Así de fácil es conseguir un certificado COVID falso.,neutral,anger,neutral,neutral
y no la reivindicación ante el Gobierno de la Nación porque el Gobierno de Cantabria ha estado y está entregado a Pedro Sánchez.,disgust,neutral,neutral,neutral
"Usted viene aquí a querer hacer la oposición a Sánchez, pero no se preocupa y no le ha preguntado aquí al Gobierno de la Comunidad de Madrid en qué se han gastado el dinero que han recibido del Estado.",anger,anger,anger,neutral
"No sé si os habrá pasado alguna vez de estar hablando con alguien porque tienes un malestar, lo compartes y esa persona empieza a juzgar tu forma de sentir, tu forma de pensar, tu forma de actuar, total que te acaba siendo peor de lo que habías llegado.",neutral,sadness,sadness,surprise
"Ustedes, como siempre, a lo más, han pretendido controlar la pandemia a costa de los hosteleros y ni les han dejado trabajar ni les han compensado por impedirles",disgust,anger,anger,joy
"No, no, no, no, no. Daisy.",fear,neutral,neutral,anger
"Pero que sepan todos los cántabros que para el Partido Socialista Cantabria no necesita agua, porque si no, no dudamos en que lo que firman…",disgust,neutral,neutral,neutral
"generó tan poco ilusión como su presupuesto, señora consejera del Partido Socialista.",sadness,neutral,neutral,neutral
"La OTAN despliega la Fuerza Internacional de Seguridad en las principales carreteras del norte de Kosovo, después del fracaso de la reunión de este jueves entre el presidente de Serbia y el primer ministro kosovar en Bruselas.",neutral,neutral,neutral,neutral
13 años han tenido que esperar las familias de las víctimas para sentar en el banquillo de los acusados a responsables de France y de Airbus y es que la fiscalía considera que Airbus presuntamente ya sabía cinco años antes del accidente,neutral,anger,neutral,neutral
La noticia de la madrugada y viene de Estados Unidos la publica el diario de Washington Post que asegura que el FBI,neutral,neutral,neutral,neutral
"Porque, mire, si ya es irresponsable desestabilizar gobiernos con mentiras, es inmoral hacerlo en plena pandemia, con 200 muertos diarios,",disgust,anger,anger,neutral
Aquí hubo un enorme lago.,neutral,neutral,neutral,neutral
"Esto es un polvorín en potencia porque la región más pobre de España, más fragmentada, más alejada, ayer conocimos los datos de desempleo en toda España,",disgust,neutral,neutral,neutral
"Torre del Burgo, en Guadalajara, muchos ya lo conocen como Torre del Búlgaro. Es el pueblo con mayor porcentaje de inmigrantes de España. Son búlgaros la mayoría de sus 500 habitantes.",neutral,neutral,neutral,neutral
"que unos y otros, como no han podido ir contra mí, no han podido acabar conmigo por más que lo intenten y me están haciendo pagar tener ahora 65 escaños.",anger,anger,anger,neutral
"Me han mandado muchísima gente anuncios, he recopilado los dos más locos que me han pedido un anuncio.",joy,neutral,neutral,neutral
y esas ni las de otros festivales de verano la gran mayoría se han suspendido por responsabilidad de sus organizadores y eso va a suponer unas pérdidas,neutral,sadness,sadness,neutral
"debe ser un capricho que cuando llega el mes de julio o el mes de agosto se le pone al señor Gochicó a la alcaldesa de Santander y a varios alcaldes más del entorno de la bahía, algunos de su partido",disgust,neutral,neutral,neutral
"Comprendemos el hartazo de los ciudadanos con un gobierno instalado en el ordeno y mando, incapaz de dialogar con otras administraciones y partidos,",disgust,anger,anger,neutral
"Cientos de trayectos cancelados, miles de evacuados y decenas de miles de hogares sin electricidad. Estas son algunas de las consecuencias que está dejando el tifón Nammadol durante su paso por el sur de Japón.",neutral,sadness,sadness,neutral
Se ha aprobado un real decreto ley de medidas urgentes de protección social y de lucha contra la precariedad laboral en la jornada de trabajo.,neutral,neutral,neutral,neutral
"El puente de Crimea que une la ocupada península con Rusia ha quedado dañado tras una fuerte explosión este sábado. Al menos tres personas murieron, según Rusia, pasajeros de un automóvil que estaba al lado del camión que explotó.",neutral,neutral,sadness,neutral
Esta pequeña ventana es la única ventilación que tiene Pericles en su dormitorio.,neutral,neutral,neutral,neutral
ni que el futuro de España puede estar en manos de quienes no creen en España.,anger,neutral,anger,neutral
"Quiero dar las gracias a mis compañeros del TEST, a Maru Valdivielso, porque se montó en este carro mucho antes de que nadie pudiéramos imaginar que iba a ser el éxito que es.",joy,joy,joy,joy
"empezar mal, recuperarnos, tener otra vez autobache.",sadness,neutral,joy,neutral
"Señor Ministro, me alegra verle porque no lo hemos visto mucho en los últimos meses.",anger,neutral,joy,joy
"7 de cada 10 hoteles en Barcelona siguen cerrados porque las reservas son insuficientes y los números no les cuadran. ¿Los turistas llegan todavía a cuenta gota, Sandra Izquierdo?",neutral,neutral,neutral,surprise
"se conviertan en cien y es porque hemos escuchado a esas personas, nos han transmitido y podamos transmitir al partido esas necesidades que tienen los jóvenes para que el partido nos pueda ayudar.",joy,neutral,neutral,joy
"Entonces yo me quedé de piedra. Yo no supe por donde vino aquello. Porque a mí me ha pegado y me ha dolido, pero a mí me duele más lo que ha hecho con mi hijo. Lo que ha hecho con mi hijo y con mi hija.",sadness,sadness,sadness,sadness
"Y le digo, tengo que ir ahí, y dice, señora no se puede pasar, es mi marido. Y entonces el señor, la verdad es que, dice, pues entonces menos aún.",sadness,neutral,neutral,neutral
Un señorito que representa los intereses valencianos y no tiene ni idea de agricultura valenciana. ¡Señorito!,anger,anger,joy,neutral
solo mirando el contenido y no mirando el remitente. Es evidente que el Partido Socialista ha establecido un criterio.,disgust,neutral,neutral,neutral
"Luego, realmente me da hasta vergüenza estar con esto en la mano, estando ahí Maribel Verdú y Concha Velasco, por favor. O sea, que... bueno, no sé, no sé ni qué decir.",joy,anger,anger,sadness
"Y un ejemplo de lo que no hay que hacer, lo encontramos en esta imagen. Aquí lo ven en medio de la riada, a este señor se le ocurre que tiene que rescatar sus coches. Se mete con un paraguas, con la ayuda solo de un paraguas y se lo lleva aguas abajo.",neutral,neutral,neutral,neutral
Los casos de infección por ingerir carne contaminada aumentan cada día y podrían seguir creciendo hasta mediados de septiembre. La alerta se mantiene porque el período de incubación de la listeria puede llegar a ser de,neutral,neutral,neutral,neutral
gracias bueno el mítico y saquino ha podido venir está con lumbago en casa el pobre estamos muy muy contentos por este premio que todo el equipo técnico todo el equipo artístico me,joy,joy,joy,joy
"En las secuelas del COVID hoy tenemos varios titulares. Los jóvenes, el primero entre 18 y 29 años.",neutral,neutral,neutral,neutral
"¿Dices que tus padres te obligaron a vivir con él durante cuatro años, con tu abusador, con la persona que abusaba de ti?",neutral,anger,anger,surprise
Intercambio de misiles entre las dos Coreas en aguas opuestas. Corea del Norte comenzó esta mañana lanzando 10 misiles de prueba al mar del este o mar de Japón. Uno de los tres misiles balísticos que lanzó cayó en aguas surcoreanas.,neutral,neutral,neutral,neutral
"todos los huecos y preguntas que se trasladan desde los grupos de la oposición, pues en el pleno de hoy...",disgust,neutral,neutral,neutral
"Coalición por Medio y el Partido Socialista, que tampoco olvidemos, están al frente del Gobierno de la Ciudad.",disgust,neutral,neutral,neutral
Solo se escucha el ruido del tren en este vagón.,neutral,neutral,neutral,neutral
en el país vasco investigan a,neutral,neutral,neutral,neutral
Estas elecciones las han causado las injerencias constantes de la Moncloa en el Gobierno de la Comunidad de Madrid. El Gobierno de la Comunidad de Madrid ha sido en todo momento un proyecto muy incómodo para Pedro Sánchez.,disgust,neutral,neutral,neutral
Acaban de instalar un sistema que no está aprobado y lo que está claro es que a día de hoy no funciona adecuadamente para la red de vía estrecha.,disgust,neutral,neutral,neutral
ahora no sé pero en aquella época a los policías le decían chacurra chacurra es perro pero no perro como entendemos perro ahora que un perro es un ser adorable no perro como un ser despreciable,sadness,neutral,anger,surprise
Los documentos técnicos que definen lo que se va a poder hacer en los próximos años en estas dos confederaciones no recogen ni una palabra del trasvase.,disgust,neutral,neutral,neutral
Rusia ya no tiene el control total de ninguna de las cuatro provincias ucranianas que se anexionó ilegalmente la semana pasada.,neutral,neutral,neutral,neutral
Salir de seguridad ciudadana acaba de sufrir una propuesta de reforma,disgust,neutral,neutral,sadness
En Francia sigue la huelga en cinco de las siete refinerías del país. El gobierno francés ha obligado ya algunos trabajadores a volver a su puesto de trabajo ante el caos en el suministro. Esta noche hay previstas nuevas negociaciones.,neutral,neutral,neutral,neutral
El 12 de marzo de 1989 el científico inglés Tim Berners Lee puso en marcha desde Ginebra la que hoy conocemos como internet. Lograba que fuera posible distribuir información entre ordenadores,neutral,neutral,neutral,neutral
"Porque la moción lo que hace es recoger, transcribir.",anger,neutral,neutral,neutral
Para lograrlo la Asociación Pablo Ibar Juicio Justo ha lanzado una campaña de recogida de fondos para afrontar los gastos de apelación.,neutral,neutral,neutral,neutral
"Damos, así, cumplimiento al compromiso con las empresas, especialmente con los trabajadores autónomos y las pymes, y poniendo en marcha un sistema de liquidez que preserve la actividad productiva y, sobre todo, el empleo.",neutral,neutral,neutral,joy
"Muchas empresas ya están tomando medidas para evitar el contagio entre sus trabajadores. Algunas han suspendido reuniones, viajes...",neutral,neutral,neutral,neutral
"No es capaz de garantizar una fluidez mínima en el tráfico, no es capaz de garantizar que los residuos se recojan en tiempo y forma, no es capaz de garantizar que no tengamos que estar esquivando hierbas en las aceras que ya crecen a la altura de las rodillas.",disgust,anger,neutral,neutral
pasa? Que el PNV no está en contra de la cooperación por haber presentado una enmienda a la totalidad que ha retirado el miércoles.,anger,neutral,neutral,neutral
Adolfo Izquierdo están cerrados estos días.,neutral,neutral,neutral,neutral
"que aparte del señor Sicilia, que era de los Eres, tres ministros actuales eran consejeros también.",anger,neutral,neutral,neutral
y se embarquen como polizones para ir a Inglaterra y nos hundan la actividad del puerto de Santander y acabemos perdiendo las líneas como sucedió en 2020 cuando perdimos la línea de Ferry con Irlanda. ¿Usted cree que nos podemos permitir ese lujo?,anger,anger,neutral,surprise
"De esta forma y con esta iniciativa del ministerio se garantiza que haya una respuesta adecuada, homogénea y, por tanto, una coordinación óptima ante acontecimientos que pueden tener escala de este calibre y emergencia de",neutral,neutral,neutral,joy
¿Me cobraron 150 euros?,joy,neutral,neutral,surprise
"en el sentido de que se va a producir o se ha producido, parece ser, según los medios de comunicación, un pacto de",disgust,neutral,neutral,neutral
"Gracias, y más noticias. Hoy hemos conocido titular del día los datos del paro de abril y son datos buenos, aquí los ven. 86 mil parados menos que el mes anterior. Estamos en los 3 millones 22 mil parados, la cifra más baja.",neutral,joy,neutral,joy
"Pues sí, pistoletazo de salida para la vacunación de embarazadas aquí en las Islas Baleares. Espera que pasen por aquí decenas de mujeres que esperan un hijo sin necesidad.",neutral,neutral,sadness,neutral
por el Partido Socialista. No descartamos que se pueda llevar al Tribunal Constitucional por cuanto que se estaría vulnerando,disgust,neutral,neutral,neutral
"a mis amigos de Denia, que lo estarán celebrando y que me estarán viendo por la tele, a mi",joy,neutral,joy,neutral
"¿Qué es la inflación o directamente con Sablazo? Señor Sánchez, ¿nos puede explicar exactamente en qué cía toda esta supuesta recuperación?",anger,neutral,neutral,surprise
"Queridas familias, nuestro ingrediente estrella esta tarde en Comete los van a ser las granadas. Tenemos en nuestra tierra, en Andalucía concretamente, vamos a ir a la comarca del Guadalhorce, Málaga.",joy,neutral,neutral,neutral
"Nada, yo simplemente, buenas noches, dar las gracias a los críticos, a los lectores de fotogramas que han votado y a los editores porque es una suerte que te hagan disfrutar",joy,joy,joy,joy
"me tan feliz. Gracias a Alex de la Iglesia por haber confiado en mí. Alex, se me cumplió un sueño trabajando contigo. Gracias a Telecinco Cinema, a Universal también.",joy,joy,joy,joy
Luz verde al intercambio de prisioneros entre el gobierno talibán en Afganistán y Estados Unidos.,neutral,neutral,neutral,neutral
Porque hace algún tiempo os enseñábamos estas imágenes de un proyecto espectacular.,joy,joy,neutral,joy
Un centenar de migrantes caminan sin saber dónde están. Dos autobuses acaban de dejarlos en medio de una calle de Washington. Huyeron de Venezuela hace más de un mes.,neutral,sadness,sadness,neutral
"Elena perdió su trabajo con la pandemia, Miguel Ángel por un accidente laboral y Sandra renunció a él al enfermar su hijo pequeño.",neutral,sadness,sadness,neutral
"El 20% de la producción china está parada y eso tiene muchas consecuencias. Aquí se dedican a reparar teléfonos y ya nos dicen que faltan algunas piezas. Además, hoy vamos a intentar comprar un teléfono de alta gama. ¿Lo conseguiremos?",neutral,neutral,sadness,neutral
"Muy buenos días, gracias por su atención.",neutral,neutral,joy,joy
"Y usted haga el favor de mandarle el recado al líder de su banda criminal, el señor Sánchez, y dígale que se vaya de una vez a liderar la internacional socialista",anger,anger,anger,neutral
"5 nombres y los que faltan, 5 cargos y los que quedan, y más de 500.000 euros gastados y los que vendemos.",anger,anger,neutral,neutral
"con el equipo y todo el rollo. Pero tenemos que tener cuidado también entre nosotros. Llevamos casi dos meses juntos y es normal la convivencia, pero a veces veo cosas que no me gustan, que os habláis mal y eso si no lo controlamos",neutral,anger,anger,neutral
Otras restricciones también se levantan a medida que mejoran los datos de la pandemia. Lucía Rodríguez.,neutral,neutral,neutral,neutral
" Yo no quiero que me invite a café, simplemente que me responda a las preguntas, porque…",disgust,neutral,neutral,anger
"que da vergüenza que yo la nombre, pero la voy a nombrar porque es una pieza indispensable en este proyecto. ¿Quién más me queda? Bueno, mis compañeros de reparto. Y compartir mi alegría con mi familia",joy,joy,anger,sadness
España y Portugal han logrado el visto bueno de Bruselas para limitar el precio del gas. El tope será de 50 euros el megawatt hora y conseguirá reducir la factura de la luz en gran medida.,neutral,neutral,neutral,neutral
"con la herida abierta porque estás mostrando la herida. Un día me dijo un sabio maestro dice, Roncero, nunca enseñes la herida ante el enemigo y no estás mostrando la herida. Por un día voy a dar la rosera a Jota Jordi. Yo si fuera culés, ¿sabes qué diría hoy? Messi, te hemos querido mucho, hemos",neutral,joy,sadness,joy
